{"cameraMode":{"drawMode":0,"name":"Shaded","section":"Shading Mode"},"sceneLighting":false,"audioPlay":false,"sceneViewState":{"showFog":true,"showMaterialUpdate":false,"showSkybox":true,"showFlares":true,"showImageEffects":true,"showParticleSystems":true},"in2DMode":false,"pivot":{"x":0.7124366760253906,"y":-0.6641926169395447,"z":-0.47892940044403078},"rotation":{"x":0.024113550782203676,"y":0.9733171463012695,"z":-0.1931484341621399,"w":0.12151546776294708},"size":2.3334527015686037,"orthographic":true}