{"cameraMode":{"drawMode":0,"name":"Shaded","section":"Shading Mode"},"sceneLighting":false,"audioPlay":false,"sceneViewState":{"showFog":true,"showMaterialUpdate":false,"showSkybox":true,"showFlares":true,"showImageEffects":true,"showParticleSystems":true},"in2DMode":false,"pivot":{"x":0.7124365568161011,"y":-0.6641926169395447,"z":-0.47892940044403078},"rotation":{"x":-0.1108013391494751,"y":0.5436057448387146,"z":-0.07267237454652786,"w":-0.8288151621818543},"size":3.312995672225952,"orthographic":false}