{"cameraMode":{"drawMode":0,"name":"Shaded","section":"Shading Mode"},"sceneLighting":false,"audioPlay":false,"sceneViewState":{"showFog":true,"showMaterialUpdate":false,"showSkybox":true,"showFlares":true,"showImageEffects":true,"showParticleSystems":true},"in2DMode":false,"pivot":{"x":-0.059999823570251468,"y":-0.47000014781951907,"z":0.04999995231628418},"rotation":{"x":-0.06535153836011887,"y":0.0014966110466048122,"z":-0.000097736316092778,"w":-0.9978612065315247},"size":16.18878746032715,"orthographic":false}